true_artist,Taylor Swift,Lana Del Rey,Sabrina Carpenter,Kelsea Ballerini,Maisie Peters,Lorde,Gracie Abrams,Phoebe Bridgers,Olivia Rodrigo
Taylor Swift,14.627175788084665,14.637297176179432,14.64610663482121,14.633497612816948,14.63843139580318,14.634980715456463,14.631672558330354,14.644318640232086,14.623999317487081
Lana Del Rey,8.792144227027894,8.793164646625518,8.79432463645935,8.793258309364319,8.793770146369933,8.79318801164627,8.793278002738953,8.793583130836486,8.792372822761536
Sabrina Carpenter,7.851201808452606,7.851047968864441,7.850603544712067,7.851019263267517,7.850956332683563,7.851246035099029,7.850916922092438,7.851303207874298,7.851361107826233
Kelsea Ballerini,7.92897397593448,7.929013465580187,7.929105470055028,7.929005861282349,7.929193070060329,7.929027419341238,7.929262374576769,7.929225432245355,7.929264056055169
Maisie Peters,16.340465280744766,16.342495679855347,16.34207378493415,16.341448148091633,16.340567721260918,16.34185512860616,16.341722832785713,16.343963225682575,16.340925455093384
Lorde,24.997185381976042,25.013324455781415,25.029154322364114,25.013670227744363,25.016778859225187,25.010533744638618,25.005357005379416,25.0330802527341,25.00079666484486
Gracie Abrams,15.78697691465679,15.786611682490298,15.787919922878867,15.787099461806449,15.787170334866172,15.786812330547132,15.785077722449051,15.788775895771227,15.786916532014546
Phoebe Bridgers,14.392939031124115,14.393402874469757,14.39390254020691,14.394473433494568,14.394227504730225,14.393004953861237,14.39517366886139,14.391213595867157,14.39373904466629
Olivia Rodrigo,10.892114824718899,10.893713924619886,10.894033776389229,10.893041557735867,10.893288559383816,10.89348554611206,10.892427894804213,10.893892314698961,10.891489267349243
