artist,ppl_correct_tag,ppl_swapped_mean,ppl_swapped_min,delta,delta_pct
Taylor Swift,14.627175788084665,14.636288006390846,14.623999317487081,0.009112218306180253,0.062296498231757695
Lana Del Rey,8.793164646625518,8.793239910900592,8.792144227027894,7.526427507364986e-05,0.0008559407005137044
Sabrina Carpenter,7.850603544712067,7.851131580770016,7.850916922092438,0.0005280360579487109,0.0067260568559009744
Kelsea Ballerini,7.929005861282349,7.929133157981069,7.92897397593448,0.00012729669872069138,0.0016054559795735078
Maisie Peters,16.340567721260918,16.341868691974216,16.340465280744766,0.0013009707132987103,0.007961600450429889
Lorde,25.010533744638618,25.013668396256186,24.997185381976042,0.003134651617568096,0.0125333255562371
Gracie Abrams,15.785077722449051,15.787285384378935,15.786611682490298,0.002207661929883642,0.01398575267541428
Phoebe Bridgers,14.391213595867157,14.393857881426811,14.392939031124115,0.002644285559654236,0.018374305558313837
Olivia Rodrigo,10.891489267349243,10.893249799807867,10.892114824718899,0.0017605324586238424,0.016164295032650926
