artist,ppl_correct_tag,ppl_swapped_mean,ppl_swapped_min,delta,delta_pct
Taylor Swift,16.367485904693602,16.367909538745877,16.367429351806642,0.00042363405227519024,0.0025882658750523645
Lana Del Rey,9.674692058563233,9.675033229589461,9.674668979644775,0.0003411710262284373,0.003526427757733757
Sabrina Carpenter,10.86122398376465,10.861569416522979,10.861481380462646,0.00034543275832987774,0.0031804220117937943
Kelsea Ballerini,9.044748449325562,9.04483715891838,9.044751358032226,8.870959281814805e-05,0.0009807856273190531
Maisie Peters,12.906273078918456,12.906406170129777,12.906199264526368,0.00013309121132110135,0.0010312133526641169
Lorde,14.296413207054139,14.296661788225173,14.29627046585083,0.00024858117103399024,0.0017387659927969575
Gracie Abrams,13.979199242591857,13.980055856704713,13.979679393768311,0.000856614112855425,0.006127776691568219
Phoebe Bridgers,22.491472363471985,22.493756860494614,22.4922536611557,0.002284497022628784,0.010157169729532676
Olivia Rodrigo,12.933269739151001,12.933775663375854,12.933337593078614,0.0005059242248535156,0.003911804478352485
