true_artist,Taylor Swift,Lana Del Rey,Sabrina Carpenter,Kelsea Ballerini,Maisie Peters,Lorde,Gracie Abrams,Phoebe Bridgers,Olivia Rodrigo
Taylor Swift,16.367485904693602,16.367917013168334,16.368305063247682,16.36788640022278,16.367690229415892,16.36775846481323,16.367429351806642,16.36810431480408,16.368185472488403
Lana Del Rey,9.67477855682373,9.674692058563233,9.674947738647461,9.675097227096558,9.675155115127563,9.674668979644775,9.675403833389282,9.674951934814453,9.675262451171875
Sabrina Carpenter,10.861632156372071,10.861527919769287,10.86122398376465,10.861570930480957,10.861489486694335,10.861626577377319,10.861639499664307,10.861587381362915,10.861481380462646
Kelsea Ballerini,9.044767427444459,9.044834423065186,9.044945287704468,9.044748449325562,9.04478416442871,9.04487853050232,9.044751358032226,9.044874048233032,9.044862031936646
Maisie Peters,12.906199264526368,12.906275081634522,12.906347036361694,12.906400537490844,12.906273078918456,12.906404399871827,12.90629415512085,12.906681203842163,12.906647682189941
Lorde,14.29653422832489,14.29627046585083,14.297423148155213,14.296756386756897,14.296468424797059,14.296413207054139,14.29648561477661,14.296684622764587,14.296671414375306
Gracie Abrams,13.97972230911255,13.980351519584655,13.980909609794617,13.980100274085999,13.979679393768311,13.979798984527587,13.979199242591857,13.980052161216737,13.97983260154724
Phoebe Bridgers,22.49237096309662,22.494096755981445,22.494089007377625,22.494472861289978,22.494283318519592,22.4922536611557,22.494105339050293,22.491472363471985,22.494382977485657
Olivia Rodrigo,12.933554458618165,12.933813333511353,12.934215307235718,12.933810043334962,12.933591079711913,12.933923721313477,12.933337593078614,12.933959770202637,12.933269739151001
